,mse,r2,pearson,spearman,features,target,model_classpath,model_hparams,trained_on,evaluated_on
0,0.06406982075543836,0.5435736878420638,0.7384602038038708,0.7266582576555041,"['bleu1', 'bleu2', 'bleu3', 'bleu4', 'rougeL', 'hf_rouge1', 'hf_rouge2', 'meteor', 'recall', 'precision', 'f1_score', 'sari_context', 'sari_question', 'precision_at_err1', 'recall_at_err1', 'tp', 'fn', 'fp', 'char_edit_score', 'word_edit_score', 'bertscore', 'bleurt', 'candidatelength_word', 'candidatelength_char', 'candidatenunique_words', 'referencelength_word', 'referencelength_char', 'referencenunique_words', 'contextlength_word', 'contextlength_char', 'contextnunique_words', 'questionlength_word', 'questionlength_char', 'questionnunique_words']",score_scaled,LinearRegression,{},all,all
1,0.04498217935821141,0.7005996199896569,0.8458690359389588,0.8088962859364552,"['bleu1', 'bleu2', 'bleu3', 'bleu4', 'rougeL', 'hf_rouge1', 'hf_rouge2', 'meteor', 'recall', 'precision', 'f1_score', 'sari_context', 'sari_question', 'precision_at_err1', 'recall_at_err1', 'tp', 'fn', 'fp', 'char_edit_score', 'word_edit_score', 'bertscore', 'bleurt', 'candidatelength_word', 'candidatelength_char', 'candidatenunique_words', 'referencelength_word', 'referencelength_char', 'referencenunique_words', 'contextlength_word', 'contextlength_char', 'contextnunique_words', 'questionlength_word', 'questionlength_char', 'questionnunique_words']",score_scaled,LinearRegression,{},all,cosmosqa
2,0.10594428959516528,0.21232302971506234,0.5974146704230056,0.564999693253089,"['bleu1', 'bleu2', 'bleu3', 'bleu4', 'rougeL', 'hf_rouge1', 'hf_rouge2', 'meteor', 'recall', 'precision', 'f1_score', 'sari_context', 'sari_question', 'precision_at_err1', 'recall_at_err1', 'tp', 'fn', 'fp', 'char_edit_score', 'word_edit_score', 'bertscore', 'bleurt', 'candidatelength_word', 'candidatelength_char', 'candidatenunique_words', 'referencelength_word', 'referencelength_char', 'referencenunique_words', 'contextlength_word', 'contextlength_char', 'contextnunique_words', 'questionlength_word', 'questionlength_char', 'questionnunique_words']",score_scaled,LinearRegression,{},all,drop
3,0.0898301381147545,0.3863219161753727,0.622685026623945,0.6080354388169269,"['bleu1', 'bleu2', 'bleu3', 'bleu4', 'rougeL', 'hf_rouge1', 'hf_rouge2', 'meteor', 'recall', 'precision', 'f1_score', 'sari_context', 'sari_question', 'precision_at_err1', 'recall_at_err1', 'tp', 'fn', 'fp', 'char_edit_score', 'word_edit_score', 'bertscore', 'bleurt', 'candidatelength_word', 'candidatelength_char', 'candidatenunique_words', 'referencelength_word', 'referencelength_char', 'referencenunique_words', 'contextlength_word', 'contextlength_char', 'contextnunique_words', 'questionlength_word', 'questionlength_char', 'questionnunique_words']",score_scaled,LinearRegression,{},all,mcscript
4,0.07081601041913244,0.5275068875769073,0.7300012590114074,0.7444011571679023,"['bleu1', 'bleu2', 'bleu3', 'bleu4', 'rougeL', 'hf_rouge1', 'hf_rouge2', 'meteor', 'recall', 'precision', 'f1_score', 'sari_context', 'sari_question', 'precision_at_err1', 'recall_at_err1', 'tp', 'fn', 'fp', 'char_edit_score', 'word_edit_score', 'bertscore', 'bleurt', 'candidatelength_word', 'candidatelength_char', 'candidatenunique_words', 'referencelength_word', 'referencelength_char', 'referencenunique_words', 'contextlength_word', 'contextlength_char', 'contextnunique_words', 'questionlength_word', 'questionlength_char', 'questionnunique_words']",score_scaled,LinearRegression,{},all,narrativeqa
5,0.038403305580824845,0.48659579665318176,0.7363316111835891,0.7098387174069398,"['bleu1', 'bleu2', 'bleu3', 'bleu4', 'rougeL', 'hf_rouge1', 'hf_rouge2', 'meteor', 'recall', 'precision', 'f1_score', 'sari_context', 'sari_question', 'precision_at_err1', 'recall_at_err1', 'tp', 'fn', 'fp', 'char_edit_score', 'word_edit_score', 'bertscore', 'bleurt', 'candidatelength_word', 'candidatelength_char', 'candidatenunique_words', 'referencelength_word', 'referencelength_char', 'referencenunique_words', 'contextlength_word', 'contextlength_char', 'contextnunique_words', 'questionlength_word', 'questionlength_char', 'questionnunique_words']",score_scaled,LinearRegression,{},all,quoref
6,0.050900319908654366,0.6194361318610018,0.7875139265594016,0.7652734879580746,"['bleu1', 'bleu2', 'bleu3', 'bleu4', 'rougeL', 'hf_rouge1', 'hf_rouge2', 'meteor', 'recall', 'precision', 'f1_score', 'sari_context', 'sari_question', 'precision_at_err1', 'recall_at_err1', 'tp', 'fn', 'fp', 'char_edit_score', 'word_edit_score', 'bertscore', 'bleurt', 'candidatelength_word', 'candidatelength_char', 'candidatenunique_words', 'referencelength_word', 'referencelength_char', 'referencenunique_words', 'contextlength_word', 'contextlength_char', 'contextnunique_words', 'questionlength_word', 'questionlength_char', 'questionnunique_words']",score_scaled,LinearRegression,{},all,socialiqa
7,0.08917093019540785,0.36475616224776053,0.6495046155700412,0.6429720332125397,"['bleu1', 'bleu2', 'bleu3', 'bleu4', 'rougeL', 'hf_rouge1', 'hf_rouge2', 'meteor', 'recall', 'precision', 'f1_score', 'sari_context', 'sari_question', 'precision_at_err1', 'recall_at_err1', 'tp', 'fn', 'fp', 'char_edit_score', 'word_edit_score', 'bertscore', 'bleurt', 'candidatelength_word', 'candidatelength_char', 'candidatenunique_words', 'referencelength_word', 'referencelength_char', 'referencenunique_words', 'contextlength_word', 'contextlength_char', 'contextnunique_words', 'questionlength_word', 'questionlength_char', 'questionnunique_words']",score_scaled,LinearRegression,{},cosmosqa,all
8,0.03878300041200702,0.7418612164424507,0.8635303024430352,0.8259037770832254,"['bleu1', 'bleu2', 'bleu3', 'bleu4', 'rougeL', 'hf_rouge1', 'hf_rouge2', 'meteor', 'recall', 'precision', 'f1_score', 'sari_context', 'sari_question', 'precision_at_err1', 'recall_at_err1', 'tp', 'fn', 'fp', 'char_edit_score', 'word_edit_score', 'bertscore', 'bleurt', 'candidatelength_word', 'candidatelength_char', 'candidatenunique_words', 'referencelength_word', 'referencelength_char', 'referencenunique_words', 'contextlength_word', 'contextlength_char', 'contextnunique_words', 'questionlength_word', 'questionlength_char', 'questionnunique_words']",score_scaled,LinearRegression,{},cosmosqa,cosmosqa
9,0.16498256442321885,-0.22661605444991273,0.37231120424818437,0.4128911546088555,"['bleu1', 'bleu2', 'bleu3', 'bleu4', 'rougeL', 'hf_rouge1', 'hf_rouge2', 'meteor', 'recall', 'precision', 'f1_score', 'sari_context', 'sari_question', 'precision_at_err1', 'recall_at_err1', 'tp', 'fn', 'fp', 'char_edit_score', 'word_edit_score', 'bertscore', 'bleurt', 'candidatelength_word', 'candidatelength_char', 'candidatenunique_words', 'referencelength_word', 'referencelength_char', 'referencenunique_words', 'contextlength_word', 'contextlength_char', 'contextnunique_words', 'questionlength_word', 'questionlength_char', 'questionnunique_words']",score_scaled,LinearRegression,{},cosmosqa,drop
10,0.13651096146859779,0.06742005508119253,0.48478182837203204,0.4693610408368169,"['bleu1', 'bleu2', 'bleu3', 'bleu4', 'rougeL', 'hf_rouge1', 'hf_rouge2', 'meteor', 'recall', 'precision', 'f1_score', 'sari_context', 'sari_question', 'precision_at_err1', 'recall_at_err1', 'tp', 'fn', 'fp', 'char_edit_score', 'word_edit_score', 'bertscore', 'bleurt', 'candidatelength_word', 'candidatelength_char', 'candidatenunique_words', 'referencelength_word', 'referencelength_char', 'referencenunique_words', 'contextlength_word', 'contextlength_char', 'contextnunique_words', 'questionlength_word', 'questionlength_char', 'questionnunique_words']",score_scaled,LinearRegression,{},cosmosqa,mcscript
11,0.09797268474209947,0.3463142236867044,0.6805286199643713,0.7079909424297368,"['bleu1', 'bleu2', 'bleu3', 'bleu4', 'rougeL', 'hf_rouge1', 'hf_rouge2', 'meteor', 'recall', 'precision', 'f1_score', 'sari_context', 'sari_question', 'precision_at_err1', 'recall_at_err1', 'tp', 'fn', 'fp', 'char_edit_score', 'word_edit_score', 'bertscore', 'bleurt', 'candidatelength_word', 'candidatelength_char', 'candidatenunique_words', 'referencelength_word', 'referencelength_char', 'referencenunique_words', 'contextlength_word', 'contextlength_char', 'contextnunique_words', 'questionlength_word', 'questionlength_char', 'questionnunique_words']",score_scaled,LinearRegression,{},cosmosqa,narrativeqa
12,0.09504908016251443,-0.2706874197842284,0.40121574044847047,0.4189653971503762,"['bleu1', 'bleu2', 'bleu3', 'bleu4', 'rougeL', 'hf_rouge1', 'hf_rouge2', 'meteor', 'recall', 'precision', 'f1_score', 'sari_context', 'sari_question', 'precision_at_err1', 'recall_at_err1', 'tp', 'fn', 'fp', 'char_edit_score', 'word_edit_score', 'bertscore', 'bleurt', 'candidatelength_word', 'candidatelength_char', 'candidatenunique_words', 'referencelength_word', 'referencelength_char', 'referencenunique_words', 'contextlength_word', 'contextlength_char', 'contextnunique_words', 'questionlength_word', 'questionlength_char', 'questionnunique_words']",score_scaled,LinearRegression,{},cosmosqa,quoref
13,0.06056427513301367,0.5471821226857286,0.7555860182540253,0.7346079426433073,"['bleu1', 'bleu2', 'bleu3', 'bleu4', 'rougeL', 'hf_rouge1', 'hf_rouge2', 'meteor', 'recall', 'precision', 'f1_score', 'sari_context', 'sari_question', 'precision_at_err1', 'recall_at_err1', 'tp', 'fn', 'fp', 'char_edit_score', 'word_edit_score', 'bertscore', 'bleurt', 'candidatelength_word', 'candidatelength_char', 'candidatenunique_words', 'referencelength_word', 'referencelength_char', 'referencenunique_words', 'contextlength_word', 'contextlength_char', 'contextnunique_words', 'questionlength_word', 'questionlength_char', 'questionnunique_words']",score_scaled,LinearRegression,{},cosmosqa,socialiqa
14,0.09576718596900449,0.3177651661548354,0.6324253520131898,0.6004679012844516,"['bleu1', 'bleu2', 'bleu3', 'bleu4', 'rougeL', 'hf_rouge1', 'hf_rouge2', 'meteor', 'recall', 'precision', 'f1_score', 'sari_context', 'sari_question', 'precision_at_err1', 'recall_at_err1', 'tp', 'fn', 'fp', 'char_edit_score', 'word_edit_score', 'bertscore', 'bleurt', 'candidatelength_word', 'candidatelength_char', 'candidatenunique_words', 'referencelength_word', 'referencelength_char', 'referencenunique_words', 'contextlength_word', 'contextlength_char', 'contextnunique_words', 'questionlength_word', 'questionlength_char', 'questionnunique_words']",score_scaled,LinearRegression,{},drop,all
15,0.06960964895341287,0.536679733032235,0.7618991180775326,0.7283797041327182,"['bleu1', 'bleu2', 'bleu3', 'bleu4', 'rougeL', 'hf_rouge1', 'hf_rouge2', 'meteor', 'recall', 'precision', 'f1_score', 'sari_context', 'sari_question', 'precision_at_err1', 'recall_at_err1', 'tp', 'fn', 'fp', 'char_edit_score', 'word_edit_score', 'bertscore', 'bleurt', 'candidatelength_word', 'candidatelength_char', 'candidatenunique_words', 'referencelength_word', 'referencelength_char', 'referencenunique_words', 'contextlength_word', 'contextlength_char', 'contextnunique_words', 'questionlength_word', 'questionlength_char', 'questionnunique_words']",score_scaled,LinearRegression,{},drop,cosmosqa
16,0.06915519279233776,0.4858434282179077,0.70093833834896,0.6493041655864488,"['bleu1', 'bleu2', 'bleu3', 'bleu4', 'rougeL', 'hf_rouge1', 'hf_rouge2', 'meteor', 'recall', 'precision', 'f1_score', 'sari_context', 'sari_question', 'precision_at_err1', 'recall_at_err1', 'tp', 'fn', 'fp', 'char_edit_score', 'word_edit_score', 'bertscore', 'bleurt', 'candidatelength_word', 'candidatelength_char', 'candidatenunique_words', 'referencelength_word', 'referencelength_char', 'referencenunique_words', 'contextlength_word', 'contextlength_char', 'contextnunique_words', 'questionlength_word', 'questionlength_char', 'questionnunique_words']",score_scaled,LinearRegression,{},drop,drop
17,0.13957854892502441,0.0464637120126834,0.5346153728018591,0.4818619026753785,"['bleu1', 'bleu2', 'bleu3', 'bleu4', 'rougeL', 'hf_rouge1', 'hf_rouge2', 'meteor', 'recall', 'precision', 'f1_score', 'sari_context', 'sari_question', 'precision_at_err1', 'recall_at_err1', 'tp', 'fn', 'fp', 'char_edit_score', 'word_edit_score', 'bertscore', 'bleurt', 'candidatelength_word', 'candidatelength_char', 'candidatenunique_words', 'referencelength_word', 'referencelength_char', 'referencenunique_words', 'contextlength_word', 'contextlength_char', 'contextnunique_words', 'questionlength_word', 'questionlength_char', 'questionnunique_words']",score_scaled,LinearRegression,{},drop,mcscript
18,0.09838706503521662,0.3435494275161365,0.6511510678987854,0.6448471513006307,"['bleu1', 'bleu2', 'bleu3', 'bleu4', 'rougeL', 'hf_rouge1', 'hf_rouge2', 'meteor', 'recall', 'precision', 'f1_score', 'sari_context', 'sari_question', 'precision_at_err1', 'recall_at_err1', 'tp', 'fn', 'fp', 'char_edit_score', 'word_edit_score', 'bertscore', 'bleurt', 'candidatelength_word', 'candidatelength_char', 'candidatenunique_words', 'referencelength_word', 'referencelength_char', 'referencenunique_words', 'contextlength_word', 'contextlength_char', 'contextnunique_words', 'questionlength_word', 'questionlength_char', 'questionnunique_words']",score_scaled,LinearRegression,{},drop,narrativeqa
19,0.03500355544474709,0.5320462073350882,0.7783933030150847,0.7718093183950339,"['bleu1', 'bleu2', 'bleu3', 'bleu4', 'rougeL', 'hf_rouge1', 'hf_rouge2', 'meteor', 'recall', 'precision', 'f1_score', 'sari_context', 'sari_question', 'precision_at_err1', 'recall_at_err1', 'tp', 'fn', 'fp', 'char_edit_score', 'word_edit_score', 'bertscore', 'bleurt', 'candidatelength_word', 'candidatelength_char', 'candidatenunique_words', 'referencelength_word', 'referencelength_char', 'referencenunique_words', 'contextlength_word', 'contextlength_char', 'contextnunique_words', 'questionlength_word', 'questionlength_char', 'questionnunique_words']",score_scaled,LinearRegression,{},drop,quoref
20,0.09200268758364266,0.3121281216139914,0.6604031435186658,0.6235922247559598,"['bleu1', 'bleu2', 'bleu3', 'bleu4', 'rougeL', 'hf_rouge1', 'hf_rouge2', 'meteor', 'recall', 'precision', 'f1_score', 'sari_context', 'sari_question', 'precision_at_err1', 'recall_at_err1', 'tp', 'fn', 'fp', 'char_edit_score', 'word_edit_score', 'bertscore', 'bleurt', 'candidatelength_word', 'candidatelength_char', 'candidatenunique_words', 'referencelength_word', 'referencelength_char', 'referencenunique_words', 'contextlength_word', 'contextlength_char', 'contextnunique_words', 'questionlength_word', 'questionlength_char', 'questionnunique_words']",score_scaled,LinearRegression,{},drop,socialiqa
21,0.07400939928923632,0.47276523042647944,0.7141071423187357,0.7068736732123778,"['bleu1', 'bleu2', 'bleu3', 'bleu4', 'rougeL', 'hf_rouge1', 'hf_rouge2', 'meteor', 'recall', 'precision', 'f1_score', 'sari_context', 'sari_question', 'precision_at_err1', 'recall_at_err1', 'tp', 'fn', 'fp', 'char_edit_score', 'word_edit_score', 'bertscore', 'bleurt', 'candidatelength_word', 'candidatelength_char', 'candidatenunique_words', 'referencelength_word', 'referencelength_char', 'referencenunique_words', 'contextlength_word', 'contextlength_char', 'contextnunique_words', 'questionlength_word', 'questionlength_char', 'questionnunique_words']",score_scaled,LinearRegression,{},mcscript,all
22,0.05548389664073062,0.6307004245747627,0.8243158279104827,0.79024596356494,"['bleu1', 'bleu2', 'bleu3', 'bleu4', 'rougeL', 'hf_rouge1', 'hf_rouge2', 'meteor', 'recall', 'precision', 'f1_score', 'sari_context', 'sari_question', 'precision_at_err1', 'recall_at_err1', 'tp', 'fn', 'fp', 'char_edit_score', 'word_edit_score', 'bertscore', 'bleurt', 'candidatelength_word', 'candidatelength_char', 'candidatenunique_words', 'referencelength_word', 'referencelength_char', 'referencenunique_words', 'contextlength_word', 'contextlength_char', 'contextnunique_words', 'questionlength_word', 'questionlength_char', 'questionnunique_words']",score_scaled,LinearRegression,{},mcscript,cosmosqa
23,0.15166835767956696,-0.127627292812442,0.5658132064694608,0.5568300872517248,"['bleu1', 'bleu2', 'bleu3', 'bleu4', 'rougeL', 'hf_rouge1', 'hf_rouge2', 'meteor', 'recall', 'precision', 'f1_score', 'sari_context', 'sari_question', 'precision_at_err1', 'recall_at_err1', 'tp', 'fn', 'fp', 'char_edit_score', 'word_edit_score', 'bertscore', 'bleurt', 'candidatelength_word', 'candidatelength_char', 'candidatenunique_words', 'referencelength_word', 'referencelength_char', 'referencenunique_words', 'contextlength_word', 'contextlength_char', 'contextnunique_words', 'questionlength_word', 'questionlength_char', 'questionnunique_words']",score_scaled,LinearRegression,{},mcscript,drop
24,0.08322702225279123,0.4314313591138341,0.6581039389236076,0.6372216185054402,"['bleu1', 'bleu2', 'bleu3', 'bleu4', 'rougeL', 'hf_rouge1', 'hf_rouge2', 'meteor', 'recall', 'precision', 'f1_score', 'sari_context', 'sari_question', 'precision_at_err1', 'recall_at_err1', 'tp', 'fn', 'fp', 'char_edit_score', 'word_edit_score', 'bertscore', 'bleurt', 'candidatelength_word', 'candidatelength_char', 'candidatenunique_words', 'referencelength_word', 'referencelength_char', 'referencenunique_words', 'contextlength_word', 'contextlength_char', 'contextnunique_words', 'questionlength_word', 'questionlength_char', 'questionnunique_words']",score_scaled,LinearRegression,{},mcscript,mcscript
25,0.07992016733066595,0.46676283535398655,0.6859965157841892,0.6971688819460243,"['bleu1', 'bleu2', 'bleu3', 'bleu4', 'rougeL', 'hf_rouge1', 'hf_rouge2', 'meteor', 'recall', 'precision', 'f1_score', 'sari_context', 'sari_question', 'precision_at_err1', 'recall_at_err1', 'tp', 'fn', 'fp', 'char_edit_score', 'word_edit_score', 'bertscore', 'bleurt', 'candidatelength_word', 'candidatelength_char', 'candidatenunique_words', 'referencelength_word', 'referencelength_char', 'referencenunique_words', 'contextlength_word', 'contextlength_char', 'contextnunique_words', 'questionlength_word', 'questionlength_char', 'questionnunique_words']",score_scaled,LinearRegression,{},mcscript,narrativeqa
26,0.0765066415707346,-0.022798188132426844,0.6901961359300279,0.7080538375073626,"['bleu1', 'bleu2', 'bleu3', 'bleu4', 'rougeL', 'hf_rouge1', 'hf_rouge2', 'meteor', 'recall', 'precision', 'f1_score', 'sari_context', 'sari_question', 'precision_at_err1', 'recall_at_err1', 'tp', 'fn', 'fp', 'char_edit_score', 'word_edit_score', 'bertscore', 'bleurt', 'candidatelength_word', 'candidatelength_char', 'candidatenunique_words', 'referencelength_word', 'referencelength_char', 'referencenunique_words', 'contextlength_word', 'contextlength_char', 'contextnunique_words', 'questionlength_word', 'questionlength_char', 'questionnunique_words']",score_scaled,LinearRegression,{},mcscript,quoref
27,0.06416621503755136,0.5202516793145463,0.7744518842032733,0.754266701383721,"['bleu1', 'bleu2', 'bleu3', 'bleu4', 'rougeL', 'hf_rouge1', 'hf_rouge2', 'meteor', 'recall', 'precision', 'f1_score', 'sari_context', 'sari_question', 'precision_at_err1', 'recall_at_err1', 'tp', 'fn', 'fp', 'char_edit_score', 'word_edit_score', 'bertscore', 'bleurt', 'candidatelength_word', 'candidatelength_char', 'candidatenunique_words', 'referencelength_word', 'referencelength_char', 'referencenunique_words', 'contextlength_word', 'contextlength_char', 'contextnunique_words', 'questionlength_word', 'questionlength_char', 'questionnunique_words']",score_scaled,LinearRegression,{},mcscript,socialiqa
28,0.07647743939763689,0.45518318584366346,0.7079225899263103,0.7001441418234122,"['bleu1', 'bleu2', 'bleu3', 'bleu4', 'rougeL', 'hf_rouge1', 'hf_rouge2', 'meteor', 'recall', 'precision', 'f1_score', 'sari_context', 'sari_question', 'precision_at_err1', 'recall_at_err1', 'tp', 'fn', 'fp', 'char_edit_score', 'word_edit_score', 'bertscore', 'bleurt', 'candidatelength_word', 'candidatelength_char', 'candidatenunique_words', 'referencelength_word', 'referencelength_char', 'referencenunique_words', 'contextlength_word', 'contextlength_char', 'contextnunique_words', 'questionlength_word', 'questionlength_char', 'questionnunique_words']",score_scaled,LinearRegression,{},narrativeqa,all
29,0.06679937341879875,0.5553848641530916,0.8439175186023378,0.8116059678203276,"['bleu1', 'bleu2', 'bleu3', 'bleu4', 'rougeL', 'hf_rouge1', 'hf_rouge2', 'meteor', 'recall', 'precision', 'f1_score', 'sari_context', 'sari_question', 'precision_at_err1', 'recall_at_err1', 'tp', 'fn', 'fp', 'char_edit_score', 'word_edit_score', 'bertscore', 'bleurt', 'candidatelength_word', 'candidatelength_char', 'candidatenunique_words', 'referencelength_word', 'referencelength_char', 'referencenunique_words', 'contextlength_word', 'contextlength_char', 'contextnunique_words', 'questionlength_word', 'questionlength_char', 'questionnunique_words']",score_scaled,LinearRegression,{},narrativeqa,cosmosqa
30,0.15060841147208803,-0.11974678107780923,0.5744058925028825,0.5878599360551124,"['bleu1', 'bleu2', 'bleu3', 'bleu4', 'rougeL', 'hf_rouge1', 'hf_rouge2', 'meteor', 'recall', 'precision', 'f1_score', 'sari_context', 'sari_question', 'precision_at_err1', 'recall_at_err1', 'tp', 'fn', 'fp', 'char_edit_score', 'word_edit_score', 'bertscore', 'bleurt', 'candidatelength_word', 'candidatelength_char', 'candidatenunique_words', 'referencelength_word', 'referencelength_char', 'referencenunique_words', 'contextlength_word', 'contextlength_char', 'contextnunique_words', 'questionlength_word', 'questionlength_char', 'questionnunique_words']",score_scaled,LinearRegression,{},narrativeqa,drop
31,0.09646398908981219,0.3410025051159026,0.5856093975612622,0.5740295694345402,"['bleu1', 'bleu2', 'bleu3', 'bleu4', 'rougeL', 'hf_rouge1', 'hf_rouge2', 'meteor', 'recall', 'precision', 'f1_score', 'sari_context', 'sari_question', 'precision_at_err1', 'recall_at_err1', 'tp', 'fn', 'fp', 'char_edit_score', 'word_edit_score', 'bertscore', 'bleurt', 'candidatelength_word', 'candidatelength_char', 'candidatenunique_words', 'referencelength_word', 'referencelength_char', 'referencenunique_words', 'contextlength_word', 'contextlength_char', 'contextnunique_words', 'questionlength_word', 'questionlength_char', 'questionnunique_words']",score_scaled,LinearRegression,{},narrativeqa,mcscript
32,0.06915133246880438,0.538613823159374,0.7404504960524195,0.750533254544428,"['bleu1', 'bleu2', 'bleu3', 'bleu4', 'rougeL', 'hf_rouge1', 'hf_rouge2', 'meteor', 'recall', 'precision', 'f1_score', 'sari_context', 'sari_question', 'precision_at_err1', 'recall_at_err1', 'tp', 'fn', 'fp', 'char_edit_score', 'word_edit_score', 'bertscore', 'bleurt', 'candidatelength_word', 'candidatelength_char', 'candidatenunique_words', 'referencelength_word', 'referencelength_char', 'referencenunique_words', 'contextlength_word', 'contextlength_char', 'contextnunique_words', 'questionlength_word', 'questionlength_char', 'questionnunique_words']",score_scaled,LinearRegression,{},narrativeqa,narrativeqa
33,0.08721907830887958,-0.16601008008468154,0.6377245028868183,0.6698178771850171,"['bleu1', 'bleu2', 'bleu3', 'bleu4', 'rougeL', 'hf_rouge1', 'hf_rouge2', 'meteor', 'recall', 'precision', 'f1_score', 'sari_context', 'sari_question', 'precision_at_err1', 'recall_at_err1', 'tp', 'fn', 'fp', 'char_edit_score', 'word_edit_score', 'bertscore', 'bleurt', 'candidatelength_word', 'candidatelength_char', 'candidatenunique_words', 'referencelength_word', 'referencelength_char', 'referencenunique_words', 'contextlength_word', 'contextlength_char', 'contextnunique_words', 'questionlength_word', 'questionlength_char', 'questionnunique_words']",score_scaled,LinearRegression,{},narrativeqa,quoref
34,0.05946433532060767,0.5554059874960191,0.7763743618826913,0.7536924092427983,"['bleu1', 'bleu2', 'bleu3', 'bleu4', 'rougeL', 'hf_rouge1', 'hf_rouge2', 'meteor', 'recall', 'precision', 'f1_score', 'sari_context', 'sari_question', 'precision_at_err1', 'recall_at_err1', 'tp', 'fn', 'fp', 'char_edit_score', 'word_edit_score', 'bertscore', 'bleurt', 'candidatelength_word', 'candidatelength_char', 'candidatenunique_words', 'referencelength_word', 'referencelength_char', 'referencenunique_words', 'contextlength_word', 'contextlength_char', 'contextnunique_words', 'questionlength_word', 'questionlength_char', 'questionnunique_words']",score_scaled,LinearRegression,{},narrativeqa,socialiqa
35,0.0908604418297022,0.35272026835112513,0.655019680951102,0.6443895845656943,"['bleu1', 'bleu2', 'bleu3', 'bleu4', 'rougeL', 'hf_rouge1', 'hf_rouge2', 'meteor', 'recall', 'precision', 'f1_score', 'sari_context', 'sari_question', 'precision_at_err1', 'recall_at_err1', 'tp', 'fn', 'fp', 'char_edit_score', 'word_edit_score', 'bertscore', 'bleurt', 'candidatelength_word', 'candidatelength_char', 'candidatenunique_words', 'referencelength_word', 'referencelength_char', 'referencenunique_words', 'contextlength_word', 'contextlength_char', 'contextnunique_words', 'questionlength_word', 'questionlength_char', 'questionnunique_words']",score_scaled,LinearRegression,{},quoref,all
36,0.06116902228249648,0.5928603554221212,0.7731572129997971,0.7461267829046381,"['bleu1', 'bleu2', 'bleu3', 'bleu4', 'rougeL', 'hf_rouge1', 'hf_rouge2', 'meteor', 'recall', 'precision', 'f1_score', 'sari_context', 'sari_question', 'precision_at_err1', 'recall_at_err1', 'tp', 'fn', 'fp', 'char_edit_score', 'word_edit_score', 'bertscore', 'bleurt', 'candidatelength_word', 'candidatelength_char', 'candidatenunique_words', 'referencelength_word', 'referencelength_char', 'referencenunique_words', 'contextlength_word', 'contextlength_char', 'contextnunique_words', 'questionlength_word', 'questionlength_char', 'questionnunique_words']",score_scaled,LinearRegression,{},quoref,cosmosqa
37,0.07820584254194855,0.41855345533569877,0.6500854175726315,0.6234325254153125,"['bleu1', 'bleu2', 'bleu3', 'bleu4', 'rougeL', 'hf_rouge1', 'hf_rouge2', 'meteor', 'recall', 'precision', 'f1_score', 'sari_context', 'sari_question', 'precision_at_err1', 'recall_at_err1', 'tp', 'fn', 'fp', 'char_edit_score', 'word_edit_score', 'bertscore', 'bleurt', 'candidatelength_word', 'candidatelength_char', 'candidatenunique_words', 'referencelength_word', 'referencelength_char', 'referencenunique_words', 'contextlength_word', 'contextlength_char', 'contextnunique_words', 'questionlength_word', 'questionlength_char', 'questionnunique_words']",score_scaled,LinearRegression,{},quoref,drop
38,0.14080325600816573,0.03809707792080985,0.5437076376933173,0.5269592937530363,"['bleu1', 'bleu2', 'bleu3', 'bleu4', 'rougeL', 'hf_rouge1', 'hf_rouge2', 'meteor', 'recall', 'precision', 'f1_score', 'sari_context', 'sari_question', 'precision_at_err1', 'recall_at_err1', 'tp', 'fn', 'fp', 'char_edit_score', 'word_edit_score', 'bertscore', 'bleurt', 'candidatelength_word', 'candidatelength_char', 'candidatenunique_words', 'referencelength_word', 'referencelength_char', 'referencenunique_words', 'contextlength_word', 'contextlength_char', 'contextnunique_words', 'questionlength_word', 'questionlength_char', 'questionnunique_words']",score_scaled,LinearRegression,{},quoref,mcscript
39,0.09927192317643165,0.3376455454035874,0.6494616607268224,0.6754903076664048,"['bleu1', 'bleu2', 'bleu3', 'bleu4', 'rougeL', 'hf_rouge1', 'hf_rouge2', 'meteor', 'recall', 'precision', 'f1_score', 'sari_context', 'sari_question', 'precision_at_err1', 'recall_at_err1', 'tp', 'fn', 'fp', 'char_edit_score', 'word_edit_score', 'bertscore', 'bleurt', 'candidatelength_word', 'candidatelength_char', 'candidatenunique_words', 'referencelength_word', 'referencelength_char', 'referencenunique_words', 'contextlength_word', 'contextlength_char', 'contextnunique_words', 'questionlength_word', 'questionlength_char', 'questionnunique_words']",score_scaled,LinearRegression,{},quoref,narrativeqa
40,0.0269988631847105,0.639058939459182,0.7995679701173849,0.8103133853462501,"['bleu1', 'bleu2', 'bleu3', 'bleu4', 'rougeL', 'hf_rouge1', 'hf_rouge2', 'meteor', 'recall', 'precision', 'f1_score', 'sari_context', 'sari_question', 'precision_at_err1', 'recall_at_err1', 'tp', 'fn', 'fp', 'char_edit_score', 'word_edit_score', 'bertscore', 'bleurt', 'candidatelength_word', 'candidatelength_char', 'candidatenunique_words', 'referencelength_word', 'referencelength_char', 'referencenunique_words', 'contextlength_word', 'contextlength_char', 'contextnunique_words', 'questionlength_word', 'questionlength_char', 'questionnunique_words']",score_scaled,LinearRegression,{},quoref,quoref
41,0.07821838426039925,0.41518853069803807,0.7149761555710795,0.6915971894293877,"['bleu1', 'bleu2', 'bleu3', 'bleu4', 'rougeL', 'hf_rouge1', 'hf_rouge2', 'meteor', 'recall', 'precision', 'f1_score', 'sari_context', 'sari_question', 'precision_at_err1', 'recall_at_err1', 'tp', 'fn', 'fp', 'char_edit_score', 'word_edit_score', 'bertscore', 'bleurt', 'candidatelength_word', 'candidatelength_char', 'candidatenunique_words', 'referencelength_word', 'referencelength_char', 'referencenunique_words', 'contextlength_word', 'contextlength_char', 'contextnunique_words', 'questionlength_word', 'questionlength_char', 'questionnunique_words']",score_scaled,LinearRegression,{},quoref,socialiqa
42,0.14955029404930792,-0.06537974338357477,0.5758548481425039,0.5558285558311721,"['bleu1', 'bleu2', 'bleu3', 'bleu4', 'rougeL', 'hf_rouge1', 'hf_rouge2', 'meteor', 'recall', 'precision', 'f1_score', 'sari_context', 'sari_question', 'precision_at_err1', 'recall_at_err1', 'tp', 'fn', 'fp', 'char_edit_score', 'word_edit_score', 'bertscore', 'bleurt', 'candidatelength_word', 'candidatelength_char', 'candidatenunique_words', 'referencelength_word', 'referencelength_char', 'referencenunique_words', 'contextlength_word', 'contextlength_char', 'contextnunique_words', 'questionlength_word', 'questionlength_char', 'questionnunique_words']",score_scaled,LinearRegression,{},socialiqa,all
43,0.050165278655257224,0.6661010269622033,0.8275974084085466,0.7948378730262408,"['bleu1', 'bleu2', 'bleu3', 'bleu4', 'rougeL', 'hf_rouge1', 'hf_rouge2', 'meteor', 'recall', 'precision', 'f1_score', 'sari_context', 'sari_question', 'precision_at_err1', 'recall_at_err1', 'tp', 'fn', 'fp', 'char_edit_score', 'word_edit_score', 'bertscore', 'bleurt', 'candidatelength_word', 'candidatelength_char', 'candidatenunique_words', 'referencelength_word', 'referencelength_char', 'referencenunique_words', 'contextlength_word', 'contextlength_char', 'contextnunique_words', 'questionlength_word', 'questionlength_char', 'questionnunique_words']",score_scaled,LinearRegression,{},socialiqa,cosmosqa
44,0.13844994809591157,-0.029350766039504705,0.4070978380088529,0.4097771792271696,"['bleu1', 'bleu2', 'bleu3', 'bleu4', 'rougeL', 'hf_rouge1', 'hf_rouge2', 'meteor', 'recall', 'precision', 'f1_score', 'sari_context', 'sari_question', 'precision_at_err1', 'recall_at_err1', 'tp', 'fn', 'fp', 'char_edit_score', 'word_edit_score', 'bertscore', 'bleurt', 'candidatelength_word', 'candidatelength_char', 'candidatenunique_words', 'referencelength_word', 'referencelength_char', 'referencenunique_words', 'contextlength_word', 'contextlength_char', 'contextnunique_words', 'questionlength_word', 'questionlength_char', 'questionnunique_words']",score_scaled,LinearRegression,{},socialiqa,drop
45,0.24309742630537726,-0.6607295267341822,0.5286112890529838,0.5111783645950982,"['bleu1', 'bleu2', 'bleu3', 'bleu4', 'rougeL', 'hf_rouge1', 'hf_rouge2', 'meteor', 'recall', 'precision', 'f1_score', 'sari_context', 'sari_question', 'precision_at_err1', 'recall_at_err1', 'tp', 'fn', 'fp', 'char_edit_score', 'word_edit_score', 'bertscore', 'bleurt', 'candidatelength_word', 'candidatelength_char', 'candidatenunique_words', 'referencelength_word', 'referencelength_char', 'referencenunique_words', 'contextlength_word', 'contextlength_char', 'contextnunique_words', 'questionlength_word', 'questionlength_char', 'questionnunique_words']",score_scaled,LinearRegression,{},socialiqa,mcscript
46,0.23391354902624215,-0.5606999061822442,0.6559654592384612,0.6621566739751984,"['bleu1', 'bleu2', 'bleu3', 'bleu4', 'rougeL', 'hf_rouge1', 'hf_rouge2', 'meteor', 'recall', 'precision', 'f1_score', 'sari_context', 'sari_question', 'precision_at_err1', 'recall_at_err1', 'tp', 'fn', 'fp', 'char_edit_score', 'word_edit_score', 'bertscore', 'bleurt', 'candidatelength_word', 'candidatelength_char', 'candidatenunique_words', 'referencelength_word', 'referencelength_char', 'referencenunique_words', 'contextlength_word', 'contextlength_char', 'contextnunique_words', 'questionlength_word', 'questionlength_char', 'questionnunique_words']",score_scaled,LinearRegression,{},socialiqa,narrativeqa
47,0.16136680533090436,-1.1572725286153518,0.42803253205621483,0.47516220375439916,"['bleu1', 'bleu2', 'bleu3', 'bleu4', 'rougeL', 'hf_rouge1', 'hf_rouge2', 'meteor', 'recall', 'precision', 'f1_score', 'sari_context', 'sari_question', 'precision_at_err1', 'recall_at_err1', 'tp', 'fn', 'fp', 'char_edit_score', 'word_edit_score', 'bertscore', 'bleurt', 'candidatelength_word', 'candidatelength_char', 'candidatenunique_words', 'referencelength_word', 'referencelength_char', 'referencenunique_words', 'contextlength_word', 'contextlength_char', 'contextnunique_words', 'questionlength_word', 'questionlength_char', 'questionnunique_words']",score_scaled,LinearRegression,{},socialiqa,quoref
48,0.049569396227124564,0.6293869821768692,0.7935670729093879,0.7727941829894918,"['bleu1', 'bleu2', 'bleu3', 'bleu4', 'rougeL', 'hf_rouge1', 'hf_rouge2', 'meteor', 'recall', 'precision', 'f1_score', 'sari_context', 'sari_question', 'precision_at_err1', 'recall_at_err1', 'tp', 'fn', 'fp', 'char_edit_score', 'word_edit_score', 'bertscore', 'bleurt', 'candidatelength_word', 'candidatelength_char', 'candidatenunique_words', 'referencelength_word', 'referencelength_char', 'referencenunique_words', 'contextlength_word', 'contextlength_char', 'contextnunique_words', 'questionlength_word', 'questionlength_char', 'questionnunique_words']",score_scaled,LinearRegression,{},socialiqa,socialiqa
